Name;Größe;Vorname;Nachname;Downloads;Datum;Pfad
environmentEMF.yaml;176;Cheng;Yang;36;"17.05.2026 23:09";codes/environmentEMF.yaml
Hxy_mag_e1.txt;119816;Cheng;Yang;40;"17.05.2026 23:09";codes/Hxy_mag_e1.txt
Hxy_mag_e2.txt;205832;Cheng;Yang;36;"17.05.2026 23:09";codes/Hxy_mag_e2.txt
Hxy_mag_e3.txt;940807;Cheng;Yang;36;"17.05.2026 23:09";codes/Hxy_mag_e3.txt
sampling_points_e1.txt;32950;Cheng;Yang;37;"17.05.2026 23:09";codes/sampling_points_e1.txt
sampling_points_e2.txt;57418;Cheng;Yang;36;"17.05.2026 23:09";codes/sampling_points_e2.txt
sampling_points_e3.txt;268806;Cheng;Yang;37;"17.05.2026 23:09";codes/sampling_points_e3.txt
Task1.ipynb;1444860;Cheng;Yang;36;"17.05.2026 23:09";codes/Task1.ipynb
Task2.ipynb;1278456;Cheng;Yang;35;"17.05.2026 23:09";codes/Task2.ipynb
